seed,n_reference_samples,recent_samples_proportion,shap_classifier,threshold,lpd (ht),lpd (nb),acc (ht-no dd),acc (nb-no dd),acc (ht-dd),acc (nb-dd),f1 (ht-no dd),f1 (nb-no dd),f1 (ht-dd),f1 (nb-dd),mtr,mtfa,mtd,mdr,drifts
1776373622,250,1.0,lightgbm,0.7,0.017750207518083726,0.018357939048974266,0.4987746551247085,0.4978655282817503,0.6407763152693783,0.6447290406735444,0.4854232570069308,0.48445940295405276,0.6326126988032948,0.6365213608311977,4.716428360849057,12798.5,2713.6,0.0,"[12799, 14555, 18068, 19824, 33377, 38396, 38897, 52199]"
1776373873,250,1.0,lightgbm,0.8,0.030965347494088913,0.020630644598627845,0.49804255978913914,0.49717043296251795,0.6219039497654948,0.5796930113570293,0.4847163664260759,0.4837866824394082,0.6097096369707656,0.5741997411522527,59.88070175438597,25599.0,171.0,0.6,"[12799, 14555, 33379, 38398]"
1776374057,500,1.0,lightgbm,0.7,0.01972439959730685,0.02006773624762137,0.49670047659782474,0.4957432074626258,0.6347712737789727,0.6362173611959754,0.48283412109255064,0.48182300003981976,0.6280540594418887,0.6297830337394535,2.7959231137560714,12773.0,3654.75,0.19999999999999996,"[13024, 15027, 20036, 28552, 33561, 38570, 52597]"
1776374462,500,1.0,lightgbm,0.8,0.03616661422278161,0.03415408013425634,0.4919760855884204,0.49105176211453744,0.6004759282567652,0.5935140025173065,0.47861838179593774,0.4776379365773469,0.5916160804060496,0.5838442955298883,nan,nan,2935.0,0.6,"[13024, 20037, 38573]"
