seed,n_reference_samples,recent_samples_proportion,threshold,lpd (ht),lpd (nb),acc (ht-no dd),acc (nb-no dd),acc (ht-dd),acc (nb-dd),f1 (ht-no dd),f1 (nb-no dd),f1 (ht-dd),f1 (nb-dd),mtr,mtfa,mtd,mdr,drifts
1777216832,250,1.0,0.7,0.015048157889757219,0.019421632259163248,0.49478683747421803,0.4938785550740818,0.6151721005922758,0.6492516131473878,0.4816060269829107,0.48041416539006554,0.6010417867348048,0.6405250833760787,4.7100596070351015,12801.0,2717.8,0.0,"[12799, 14556, 18070, 19827, 33381, 38401, 38903, 52206]"
1777216899,250,1.0,0.8,0.02488788389123317,0.022224534978333668,0.49478683747421803,0.4938785550740818,0.5943383730391507,0.5827766949874165,0.4816060269829107,0.48041416539006554,0.5805390617851015,0.5768491457666794,59.366956521739134,25602.0,172.5,0.6,"[12799, 14556, 33381, 38401]"
