seed,n_reference_samples,recent_samples_proportion,threshold,lpd (ht),lpd (nb),acc (ht-no dd),acc (nb-no dd),acc (ht-dd),acc (nb-dd),f1 (ht-no dd),f1 (nb-no dd),f1 (ht-dd),f1 (nb-dd),drifts
1777217479,250,1.0,0.7,0.0019617112130430477,0.0015416750614569833,0.6963430513561828,0.7032287965394717,0.8179691465648518,0.7988126503498046,0.6326115658062732,0.6675166905378538,0.8121197540902324,0.7904591080757051,"[5269, 5520, 8281, 9285, 10289, 11293, 11795, 12297, 13301, 14305, 15309, 16313, 17317, 17568, 17819, 20580, 21333, 21835, 23341, 24094, 24345, 24596, 25349, 25600, 26102, 26353, 27608, 28110, 28361, 28863, 29114, 29365, 29616, 29867, 30118, 30369, 31122, 31875, 32126, 33130, 33381, 33883, 34134, 34385, 34887, 35138, 35891, 36142, 36393, 37146, 37899, 38150, 38401, 38652, 39154, 39907, 40911, 42166, 42417, 42668, 43923, 44927]"
1777217492,250,1.0,0.8,0.005070775413517795,0.0034060897648106048,0.6963430513561828,0.7032287965394717,0.8028293350400565,0.7747566816004944,0.6326115658062732,0.6675166905378538,0.7945669768358896,0.7609887203752093,"[11293, 11795, 17819, 23341, 24345, 28110, 28361, 28863, 29114, 29365, 29616, 31122, 33130, 33381, 34134, 36142, 38401, 39907, 42166, 42417, 42668]"
1777217536,500,1.0,0.7,0.003243632279627956,0.0022308784474704443,0.6963430513561828,0.7032287965394717,0.8131138134227892,0.7835404206484077,0.6326115658062732,0.6675166905378538,0.8065717403007249,0.7728837505466507,"[1501, 4006, 11521, 12022, 18034, 19036, 21040, 21541, 22042, 22543, 23545, 24547, 25048, 25549, 27052, 28555, 29056, 29557, 30058, 30559, 31060, 33565, 34066, 34567, 35068, 35569, 36070, 37573, 38074, 40078, 41080, 42082, 42583, 44086, 44587, 45088]"
1777217574,500,1.0,0.8,0.006669462161506034,0.004418353159276996,0.6963430513561828,0.7032287965394717,0.7963849837787733,0.7695040939286266,0.6326115658062732,0.6675166905378538,0.7876040420359126,0.7559909152167056,"[11521, 12022, 18034, 21541, 23545, 24547, 25048, 25549, 28555, 29056, 29557, 30058, 33565, 34066, 44086]"
